<?xml version="1.0" encoding="UTF-8"?>
<!DOCTYPE suite SYSTEM "http://testng.org/testng-1.0.dtd">
<suite name="Suite">
 <listeners>
<listener class-name="resources.ExtentReporterNG"/>
<listener class-name="resources.listeners"></listener>
</listeners>

  
    
     

     
     <test  name="Test Case: 002 - Login with 'Empirix Admin' Credetials'and verify TabAvailablity">
    <classes>
     
      <class name="VW_TC.TC0002_login_With_Exmpirix_Admin"/>
      
     </classes> 
     </test>
     
  
     
</suite> <!-- Suite -->